{"cameraMode":{"drawMode":0,"name":"Shaded","section":"Shading Mode"},"sceneLighting":true,"audioPlay":false,"sceneViewState":{"m_AlwaysRefresh":false,"showFog":true,"showSkybox":true,"showFlares":true,"showImageEffects":true,"showParticleSystems":true,"showVisualEffectGraphs":true,"m_FxEnabled":true},"in2DMode":false,"pivot":{"x":2.680614948272705,"y":-4.945510387420654,"z":9.818716049194336},"rotation":{"x":-0.9853164553642273,"y":0.003009243169799447,"z":0.01742531917989254,"w":0.16994352638721467},"size":9.178779602050782,"orthographic":false}